1,c#,2
1,datetime,2
1,datediff,1
1,relative-time-span,1
1,.net,1
11,.net,1
13,performance,1
13,algorithm,1
13,language-agnostic,1
13,unix,1
13,pi,1
17,linq,1
17,.net-3.5,1
2,c#,1
2,linq,1
2,web-services,1
2,.net-3.5,1
2,mysql,1
2,database,1
2,binary-data,1
2,data-storage,1
22,mysql,1
22,database,1
22,triggers,1
23,c++,1
23,c,1
23,sockets,1
23,mainframe,1
23,zos,1
25,ruby,1
25,rdoc,1
26,flex,1
26,actionscript-3,1
26,air,1
32,sql,1
32,sql-server,1
32,datatable,1
32,rdbms,1
33,c#,1
33,.net,1
33,vb.net,1
33,timer,1
37,php,1
37,plugins,1
37,architecture,1
37,hook,1
40,html,1
40,form-submit,1
40,html-form,1
40,submit-button,1
45,c#,1
45,linq,1
45,.net-3.5,1
58,eclipse,1
58,svn,1
58,aptana,1
58,subclipse,1
59,php,1
59,sql,1
59,database,1
59,flat-file,1
61,linux,1
61,winapi,1
61,visual-c++,1
61,unix,1
61,timer,1
8,c#,1
8,winforms,1
8,type-conversion,1
8,decimal,1
8,opacity,1
9,html,2
9,css,1
9,css3,1
9,internet-explorer-7,1
9,javascript,1
9,browser,1
9,timezone,1
9,timezoneoffset,1
NA,actionscript-3,1
NA,flex,1
NA,bytearray,1
NA,c#,3
NA,code-generation,1
NA,j#,1
NA,visualj#,1
NA,office-2007,1
NA,file-type,1
NA,php,1
NA,vb.net,1
NA,timer,1
NA,inversion-of-control,1
NA,structuremap,1
NA,alt.net,1
NA,data,1
